LÄN;KOMMUN;Mtal;Mproc;Ctal;Cproc;FPtal;FPproc;KDtal;KDproc;Stal;Sproc;Vtal;Vproc;MPtal;MPproc;SDtal;SDproc;FItal;FIproc;OVRtal;OVRproc;BLtal;BLproc;OGtal;OGproc;RostGiltiga;Rostande;Rostb;VDT
Blekinge län;Karlshamn;3923;18,69;1015;4,84;616;2,93;647;3,08;8114;38,65;1044;4,97;1192;5,68;3867;18,42;430;2,05;144;0,69;218;1,03;3;0,01;20992;21213;24702;85,88
Blekinge län;Karlskrona;8848;20,71;2493;5,83;2225;5,21;1674;3,92;15522;36,33;1954;4,57;2309;5,4;6603;15,45;755;1,77;344;0,81;364;0,84;4;0,01;42727;43095;49012;87,93
Blekinge län;Olofström;1123;13,41;473;5,65;168;2,01;287;3,43;3839;45,86;413;4,93;295;3,52;1602;19,14;97;1,16;75;0,9;111;1,31;7;0,08;8372;8490;10131;83,8
Blekinge län;Ronneby;3335;17,84;1289;6,89;653;3,49;534;2,86;6731;36;972;5,2;732;3,92;4028;21,55;274;1,47;147;0,79;169;0,9;5;0,03;18695;18869;21746;86,77
Blekinge län;Sölvesborg;2595;22,69;522;4,56;322;2,81;341;2,98;3775;33;363;3,17;441;3,86;2860;25;145;1,27;75;0,66;112;0,97;2;0,02;11439;11553;13273;87,04
Dalarnas län;Avesta;2264;15,45;825;5,63;453;3,09;439;3;6121;41,77;820;5,6;525;3,58;2837;19,36;222;1,51;148;1,01;154;1,04;5;0,03;14654;14813;17224;86
Dalarnas län;Borlänge;5713;18;1615;5,09;1181;3,72;1001;3,15;11825;37,26;1953;6,15;1768;5,57;5617;17,7;733;2,31;334;1,05;396;1,23;10;0,03;31740;32146;37298;86,19
Dalarnas län;Falun;8871;23,19;3058;7,99;1711;4,47;1466;3,83;11555;30,21;2271;5,94;2749;7,19;4912;12,84;1278;3,34;380;0,99;464;1,2;14;0,04;38251;38729;44325;87,38
Dalarnas län;Gagnef;1225;18,09;786;11,61;211;3,12;284;4,19;2214;32,7;348;5,14;293;4,33;1170;17,28;179;2,64;61;0,9;92;1,34;0;0;6771;6863;7791;88,09
Dalarnas län;Hedemora;1756;17,7;920;9,27;278;2,8;306;3,08;3478;35,05;605;6,1;445;4,48;1732;17,45;244;2,46;159;1,6;125;1,24;2;0,02;9923;10050;11875;84,63
Dalarnas län;Leksand;2511;23,72;1056;9,98;403;3,81;787;7,44;3110;29,38;515;4,87;614;5,8;1247;11,78;264;2,49;77;0,73;120;1,12;3;0,03;10584;10707;12240;87,48
Dalarnas län;Ludvika;2590;15,38;691;4,1;522;3,1;402;2,39;6836;40,59;1287;7,64;780;4,63;3363;19,97;287;1,7;83;0,49;226;1,32;32;0,19;16841;17099;20005;85,47
Dalarnas län;Malung-Sälen;1506;22,57;575;8,62;247;3,7;157;2,35;2414;36,17;315;4,72;181;2,71;1154;17,29;61;0,91;64;0,96;89;1,32;5;0,07;6674;6768;7937;85,27
Dalarnas län;Mora;2629;19,54;1338;9,94;386;2,87;416;3,09;4776;35,49;605;4,5;625;4,64;2279;16,94;232;1,72;171;1,27;139;1,02;6;0,04;13457;13602;16106;84,45
Dalarnas län;Orsa;666;14,46;493;10,7;127;2,76;147;3,19;1523;33,06;261;5,67;230;4,99;956;20,75;134;2,91;70;1,52;33;0,71;0;0;4607;4640;5470;84,83
Dalarnas län;Rättvik;1593;21,36;760;10,19;270;3,62;257;3,45;2362;31,67;337;4,52;359;4,81;1270;17,03;141;1,89;109;1,46;113;1,49;3;0,04;7458;7574;8949;84,64
Dalarnas län;Smedjebacken;1109;15;401;5,43;139;1,88;158;2,14;3262;44,13;493;6,67;269;3,64;1365;18,47;138;1,87;57;0,77;81;1,08;0;0;7391;7472;8550;87,39
Dalarnas län;Säter;1376;18,58;772;10,43;217;2,93;239;3,23;2489;33,61;398;5,37;284;3,84;1393;18,81;171;2,31;66;0,89;96;1,28;1;0,01;7405;7502;8594;87,29
Dalarnas län;Vansbro;640;14,41;629;14,16;96;2,16;263;5,92;1623;36,55;253;5,7;121;2,72;720;16,21;37;0,83;59;1,33;67;1,49;0;0;4441;4508;5343;84,37
Dalarnas län;Älvdalen;638;13,53;452;9,59;109;2,31;105;2,23;1955;41,47;211;4,48;109;2,31;1028;21,81;55;1,17;52;1,1;67;1,4;2;0,04;4714;4783;5586;85,62
Gotlands län;Gotland;8450;21,31;5317;13,41;1494;3,77;1095;2,76;12774;32,21;2308;5,82;2859;7,21;3259;8,22;1764;4,45;335;0,84;498;1,24;22;0,05;39655;40175;46466;86,46
Gävleborgs län;Bollnäs;2612;15,21;1444;8,41;526;3,06;546;3,18;6672;38,86;1012;5,89;720;4,19;3191;18,58;338;1,97;109;0,63;154;0,89;7;0,04;17170;17331;20669;83,85
Gävleborgs län;Gävle;13500;21;2753;4,28;3248;5,05;2087;3,25;21915;34,08;4310;6,7;3991;6,21;10170;15,82;1685;2,62;640;1;552;0,85;24;0,04;64299;64875;74732;86,81
Gävleborgs län;Hofors;681;11,16;274;4,49;171;2,8;106;1,74;2893;47,43;660;10,82;182;2,98;975;15,98;95;1,56;63;1,03;66;1,07;3;0,05;6100;6169;7332;84,14
Gävleborgs län;Hudiksvall;3940;16,18;2233;9,17;687;2,82;809;3,32;9352;38,41;1698;6,97;1461;6;3349;13,75;597;2,45;224;0,92;234;0,95;8;0,03;24350;24592;29090;84,54
Gävleborgs län;Ljusdal;2278;18,8;1041;8,59;383;3,16;291;2,4;4420;36,47;676;5,58;592;4,88;2009;16,58;319;2,63;110;0,91;133;1,09;2;0,02;12119;12254;14771;82,96
Gävleborgs län;Nordanstig;907;14,62;583;9,4;212;3,42;227;3,66;2398;38,65;357;5,75;228;3,68;1127;18,17;109;1,76;56;0,9;76;1,21;1;0,02;6204;6281;7411;84,75
Gävleborgs län;Ockelbo;502;12,93;440;11,34;83;2,14;86;2,22;1489;38,37;229;5,9;142;3,66;804;20,72;79;2,04;27;0,7;35;0,89;2;0,05;3881;3918;4598;85,21
Gävleborgs län;Ovanåker;1108;14,42;1028;13,38;167;2,17;632;8,22;2802;36,47;291;3,79;270;3,51;1228;15,98;86;1,12;72;0,94;78;1;0;0;7684;7762;9117;85,14
Gävleborgs län;Sandviken;3830;15,48;1273;5,15;921;3,72;677;2,74;10816;43,72;1763;7,13;961;3,88;3789;15,31;456;1,84;255;1,03;214;0,86;10;0,04;24741;24965;28988;86,12
Gävleborgs län;Söderhamn;2553;15,05;1175;6,93;442;2,61;470;2,77;7393;43,57;1058;6,24;691;4,07;2687;15,84;289;1,7;209;1,23;153;0,89;6;0,04;16967;17126;20241;84,61
Hallands län;Falkenberg;6516;23,19;3177;11,31;1137;4,05;1104;3,93;9158;32,59;1094;3,89;1615;5,75;3666;13,05;466;1,66;166;0,59;310;1,09;10;0,04;28099;28419;32975;86,18
Hallands län;Halmstad;15501;24,61;3940;6,25;3379;5,36;2454;3,9;21043;33,4;2816;4,47;3926;6,23;7824;12,42;1132;1,8;984;1,56;627;0,99;17;0,03;62999;63643;74040;85,96
Hallands län;Hylte;1061;17,33;739;12,07;258;4,21;200;3,27;2244;36,65;176;2,87;175;2,86;1135;18,54;66;1,08;69;1,13;45;0,73;1;0,02;6123;6169;7322;84,25
Hallands län;Kungsbacka;19909;38;3975;7,59;4254;8,12;2884;5,51;8936;17,06;1506;2,87;3160;6,03;6281;11,99;1042;1,99;439;0,84;420;0,8;22;0,04;52386;52828;58477;90,34
Hallands län;Laholm;3882;24,79;1764;11,26;612;3,91;607;3,88;4234;27,04;468;2,99;793;5,06;2867;18,31;231;1,48;203;1,3;193;1,22;1;0,01;15661;15855;18430;86,03
Hallands län;Varberg;10392;25,17;3772;9,14;2167;5,25;1739;4,21;12947;31,36;1725;4,18;2515;6,09;4782;11,58;829;2,01;423;1,02;444;1,06;9;0,02;41291;41744;47158;88,52
Jämtlands län;Berg;809;17,01;742;15,6;84;1,77;82;1,72;1855;39;216;4,54;179;3,76;671;14,11;84;1,77;35;0,74;41;0,85;1;0,02;4757;4799;5653;84,89
Jämtlands län;Bräcke;551;13,04;492;11,64;86;2,04;57;1,35;2002;47,37;260;6,15;120;2,84;533;12,61;54;1,28;71;1,68;49;1,15;1;0,02;4226;4276;5097;83,89
Jämtlands län;Härjedalen;1160;17,15;707;10,45;142;2,1;130;1,92;2903;42,91;349;5,16;200;2,96;1027;15,18;100;1,48;47;0,69;73;1,07;4;0,06;6765;6842;8264;82,79
Jämtlands län;Krokom;1631;17,63;1443;15,59;216;2,33;259;2,8;3421;36,97;615;6,65;432;4,67;988;10,68;185;2;63;0,68;99;1,06;1;0,01;9253;9353;10910;85,73
Jämtlands län;Ragunda;333;9,38;454;12,79;43;1,21;58;1,63;1719;48,41;255;7,18;97;2,73;491;13,83;64;1,8;37;1,04;46;1,28;2;0,06;3551;3599;4311;83,48
Jämtlands län;Strömsund;892;11,5;788;10,16;83;1,07;160;2,06;3858;49,75;556;7,17;171;2,21;1092;14,08;102;1,32;53;0,68;98;1,25;1;0,01;7755;7854;9366;83,86
Jämtlands län;Åre;1467;21,55;932;13,69;208;3,06;270;3,97;2151;31,6;332;4,88;601;8,83;640;9,4;163;2,39;42;0,62;86;1,25;1;0,01;6806;6893;8003;86,13
Jämtlands län;Östersund;7670;18,89;3929;9,68;1508;3,71;1103;2,72;15394;37,92;2669;6,57;2960;7,29;3782;9,32;1283;3,16;303;0,75;396;0,97;13;0,03;40601;41010;47588;86,18
Jönköpings län;Aneby;744;16,81;543;12,27;129;2,92;599;13,54;1288;29,11;114;2,58;213;4,81;731;16,52;36;0,81;28;0,63;44;0,98;0;0;4425;4469;5017;89,08
Jönköpings län;Eksjö;2282;20,48;1252;11,24;475;4,26;958;8,6;3439;30,86;381;3,42;603;5,41;1477;13,25;176;1,58;100;0,9;118;1,05;5;0,04;11143;11266;12948;87,01
Jönköpings län;Gislaved;3973;21,89;1826;10,06;583;3,21;975;5,37;6427;35,41;555;3,06;665;3,66;2888;15,91;146;0,8;114;0,63;208;1,13;4;0,02;18152;18364;21569;85,14
Jönköpings län;Gnosjö;1196;20,73;491;8,51;169;2,93;822;14,25;1757;30,45;150;2,6;197;3,41;916;15,88;48;0,83;24;0,42;64;1,1;6;0,1;5770;5840;6865;85,07
Jönköpings län;Habo;1644;22,66;472;6,51;270;3,72;974;13,43;2007;27,67;231;3,18;393;5,42;1119;15,43;82;1,13;62;0,85;95;1,29;5;0,07;7254;7354;8025;91,64
Jönköpings län;Jönköping;19020;21,91;5040;5,8;3626;4,18;9645;11,11;26475;30,49;3996;4,6;5932;6,83;10891;12,54;1619;1,86;585;0,67;747;0,85;31;0,04;86829;87607;100590;87,09
Jönköpings län;Mullsjö;793;16,69;241;5,07;161;3,39;809;17,02;1357;28,56;230;4,84;284;5,98;761;16,01;68;1,43;48;1,01;52;1,08;2;0,04;4752;4806;5388;89,2
Jönköpings län;Nässjö;3203;16,67;1350;7,02;543;2,83;1767;9,19;6502;33,83;794;4,13;989;5,15;3713;19,32;228;1,19;129;0,67;178;0,92;5;0,03;19218;19401;22272;87,11
Jönköpings län;Sävsjö;1248;17,85;806;11,53;159;2,27;1067;15,26;1919;27,44;189;2,7;184;2,63;1310;18,73;55;0,79;56;0,8;60;0,85;1;0,01;6993;7054;8124;86,83
Jönköpings län;Tranås;2332;18,95;793;6,44;461;3,75;944;7,67;4441;36,08;488;3,96;680;5,52;1905;15,48;191;1,55;73;0,59;106;0,85;4;0,03;12308;12418;14214;87,36
Jönköpings län;Vaggeryd;1521;17,84;683;8,01;261;3,06;1013;11,88;2921;34,26;298;3,5;346;4,06;1319;15,47;83;0,97;80;0,94;86;1;2;0,02;8525;8613;9900;87
Jönköpings län;Vetlanda;3189;18,32;1920;11,03;609;3,5;1615;9,28;5581;32,07;607;3,49;708;4,07;2858;16,42;199;1,14;117;0,67;174;0,99;2;0,01;17403;17579;20337;86,44
Jönköpings län;Värnamo;4449;20,39;2383;10,92;644;2,95;2134;9,78;7373;33,78;652;2,99;901;4,13;2927;13,41;223;1,02;138;0,63;204;0,93;6;0,03;21824;22034;25384;86,8
Kalmar län;Borgholm;1866;24,59;1115;14,7;264;3,48;385;5,07;1941;25,58;279;3,68;340;4,48;1160;15,29;174;2,29;63;0,83;82;1,07;5;0,07;7587;7674;8825;86,96
Kalmar län;Emmaboda;1001;16,61;670;11,11;105;1,74;243;4,03;2419;40,13;278;4,61;238;3,95;924;15,33;96;1,59;54;0,9;66;1,08;1;0,02;6028;6095;7096;85,89
Kalmar län;Hultsfred;1253;14,29;956;10,9;182;2,08;580;6,62;3468;39,56;362;4,13;237;2,7;1542;17,59;95;1,08;92;1,05;76;0,86;1;0,01;8767;8844;10521;84,06
Kalmar län;Högsby;532;14,66;386;10,64;69;1,9;194;5,35;1426;39,31;150;4,13;82;2,26;721;19,87;41;1,13;27;0,74;28;0,77;0;0;3628;3656;4266;85,7
Kalmar län;Kalmar;10260;23,47;2954;6,76;1950;4,46;1941;4,44;14311;32,74;1974;4,52;3035;6,94;5744;13,14;1162;2,66;380;0,87;409;0,93;18;0,04;43711;44138;50384;87,6
Kalmar län;Mönsterås;1494;16,92;852;9,65;210;2,38;376;4,26;3449;39,06;396;4,48;270;3,06;1620;18,35;103;1,17;60;0,68;90;1,01;1;0,01;8830;8921;10194;87,51
Kalmar län;Mörbylänga;2513;24,81;982;9,7;413;4,08;458;4,52;2972;29,35;380;3,75;561;5,54;1536;15,17;262;2,59;50;0,49;91;0,89;10;0,1;10127;10228;11329;90,28
Kalmar län;Nybro;2246;17,28;1359;10,45;335;2,58;598;4,6;4780;36,77;694;5,34;438;3,37;2232;17,17;163;1,25;156;1,2;144;1,1;3;0,02;13001;13148;15362;85,59
Kalmar län;Oskarshamn;3704;21,03;810;4,6;767;4,35;1017;5,77;6662;37,82;864;4,9;584;3,32;2866;16,27;223;1,27;118;0,67;204;1,14;3;0,02;17615;17822;20583;86,59
Kalmar län;Torsås;760;16,08;649;13,73;161;3,41;193;4,08;1582;33,47;150;3,17;152;3,22;982;20,77;62;1,31;36;0,76;46;0,96;1;0,02;4727;4774;5483;87,07
Kalmar län;Vimmerby;1954;18,95;1196;11,6;233;2,26;520;5,04;3740;36,26;450;4,36;399;3,87;1600;15,51;142;1,38;80;0,78;114;1,09;4;0,04;10314;10432;12043;86,62
Kalmar län;Västervik;4730;19,32;1938;7,91;922;3,77;943;3,85;9620;39,29;1258;5,14;1099;4,49;3333;13,61;431;1,76;213;0,87;238;0,96;9;0,04;24487;24734;28966;85,39
Kronobergs län;Alvesta;2481;20,48;1285;10,61;292;2,41;509;4,2;3758;31,02;493;4,07;423;3,49;2611;21,55;161;1,33;101;0,83;108;0,88;21;0,17;12114;12243;14152;86,51
Kronobergs län;Lessebo;817;16,29;343;6,84;103;2,05;122;2,43;2081;41,5;289;5,76;230;4,59;902;17,99;94;1,87;33;0,66;65;1,28;1;0,02;5014;5080;5821;87,27
Kronobergs län;Ljungby;3590;20,27;1812;10,23;551;3,11;1033;5,83;5920;33,42;742;4,19;737;4,16;2905;16,4;223;1,26;199;1,12;193;1,08;10;0,06;17712;17915;21028;85,2
Kronobergs län;Markaryd;1166;19,63;443;7,46;101;1,7;441;7,43;2048;34,48;143;2,41;207;3,49;1253;21,1;55;0,93;82;1,38;62;1,03;7;0,12;5939;6008;7158;83,93
Kronobergs län;Tingsryd;1614;20,3;1044;13,13;177;2,23;346;4,35;2484;31,24;289;3,63;220;2,77;1624;20,42;104;1,31;50;0,63;85;1,06;0;0;7952;8037;9466;84,9
Kronobergs län;Uppvidinge;1009;17,68;754;13,21;155;2,72;212;3,71;1905;33,38;239;4,19;168;2,94;1142;20,01;77;1,35;46;0,81;73;1,26;3;0,05;5707;5783;6747;85,71
Kronobergs län;Växjö;13525;24,01;4307;7,65;2416;4,29;2807;4,98;17623;31,29;2927;5,2;4051;7,19;6885;12,23;1368;2,43;410;0,73;485;0,85;16;0,03;56319;56820;64648;87,89
Kronobergs län;Älmhult;2251;22,47;1000;9,98;314;3,13;513;5,12;3360;33,54;337;3,36;523;5,22;1498;14,95;145;1,45;77;0,77;70;0,69;4;0,04;10018;10092;11703;86,23
Norrbottens län;Arjeplog;182;9,83;127;6,86;61;3,3;64;3,46;818;44,19;222;11,99;64;3,46;273;14,75;31;1,67;9;0,49;30;1,59;1;0,05;1851;1882;2344;80,29
Norrbottens län;Arvidsjaur;439;10,15;270;6,24;133;3,07;77;1,78;2255;52,13;440;10,17;71;1,64;565;13,06;50;1,16;26;0,6;40;0,92;2;0,05;4326;4368;5138;85,01
Norrbottens län;Boden;2903;15,37;694;3,67;769;4,07;537;2,84;8779;46,47;1254;6,64;688;3,64;2770;14,66;374;1,98;122;0,65;129;0,68;9;0,05;18890;19028;21995;86,51
Norrbottens län;Gällivare;1311;10,83;213;1,76;174;1,44;273;2,25;6117;50,52;1407;11,62;503;4,15;1843;15,22;197;1,63;70;0,58;82;0,67;3;0,02;12108;12193;14828;82,23
Norrbottens län;Haparanda;573;13,25;363;8,4;76;1,76;118;2,73;2175;50,31;209;4,83;126;2,91;582;13,46;69;1,6;32;0,74;22;0,51;3;0,07;4323;4348;6177;70,39
Norrbottens län;Jokkmokk;299;9,07;80;2,43;105;3,19;44;1,33;1597;48,45;320;9,71;312;9,47;421;12,77;95;2,88;23;0,7;24;0,72;1;0,03;3296;3321;4064;81,72
Norrbottens län;Kalix;1267;11,54;520;4,74;268;2,44;231;2,1;6113;55,68;692;6,3;449;4,09;1262;11,49;144;1,31;33;0,3;94;0,85;0;0;10979;11073;12984;85,28
Norrbottens län;Kiruna;1540;10,29;441;2,95;339;2,27;508;3,39;7090;47,38;1738;11,61;779;5,21;1976;13,21;413;2,76;140;0,94;153;1,01;4;0,03;14964;15121;17933;84,32
Norrbottens län;Luleå;8226;15,92;2380;4,61;2281;4,41;1664;3,22;23092;44,68;3856;7,46;3431;6,64;4567;8,84;1568;3,03;617;1,19;338;0,65;26;0,05;51682;52046;59392;87,63
Norrbottens län;Pajala;383;9,52;133;3,31;63;1,57;212;5,27;1859;46,2;722;17,94;92;2,29;457;11,36;80;1,99;23;0,57;32;0,79;0;0;4024;4056;5016;80,86
Norrbottens län;Piteå;3389;11,6;1449;4,96;855;2,93;1024;3,51;15655;53,61;2340;8,01;1351;4,63;2218;7,6;774;2,65;148;0,51;201;0,68;9;0,03;29203;29413;33137;88,76
Norrbottens län;Älvsbyn;441;8,14;330;6,09;144;2,66;171;3,16;2895;53,45;500;9,23;117;2,16;692;12,78;83;1,53;43;0,79;30;0,55;0;0;5416;5446;6412;84,93
Norrbottens län;Överkalix;194;8,14;211;8,86;42;1,76;27;1,13;1250;52,48;250;10,5;52;2,18;310;13,01;35;1,47;11;0,46;18;0,75;2;0,08;2382;2402;2812;85,42
Norrbottens län;Övertorneå;291;10,65;302;11,05;59;2,16;98;3,59;1289;47,16;275;10,06;76;2,78;301;11,01;31;1,13;11;0,4;16;0,58;0;0;2733;2749;3416;80,47
Skåne län;Bjuv;1425;16,82;269;3,18;221;2,61;188;2,22;3425;40,44;296;3,49;312;3,68;2173;25,66;84;0,99;77;0,91;117;1,36;4;0,05;8470;8591;10602;81,03
Skåne län;Bromölla;1231;15,33;242;3,01;238;2,96;170;2,12;3041;37,88;364;4,53;335;4,17;2282;28,42;84;1,05;42;0,52;89;1,1;1;0,01;8029;8119;9465;85,78
Skåne län;Burlöv;2038;21,1;291;3,01;476;4,93;178;1,84;3548;36,72;418;4,33;588;6,09;1863;19,28;178;1,84;83;0,86;77;0,79;0;0;9661;9738;12077;80,63
Skåne län;Båstad;3497;34,67;1018;10,09;619;6,14;544;5,39;1835;18,19;217;2,15;635;6,3;1492;14,79;169;1,68;60;0,59;82;0,81;1;0,01;10086;10169;11702;86,9
Skåne län;Eslöv;3999;20,01;1334;6,67;871;4,36;462;2,31;6556;32,8;745;3,73;1147;5,74;4290;21,47;400;2;182;0,91;237;1,17;8;0,04;19986;20231;23964;84,42
Skåne län;Helsingborg;22803;27,31;2812;3,37;4384;5,25;2859;3,42;24663;29,54;3422;4,1;5612;6,72;14555;17,43;1606;1,92;766;0,92;781;0,93;20;0,02;83482;84283;101934;82,68
Skåne län;Hässleholm;6204;19,01;1980;6,07;1255;3,85;1674;5,13;9754;29,89;1011;3,1;2260;6,93;7653;23,45;578;1,77;264;0,81;426;1,29;13;0,04;32633;33072;38871;85,08
Skåne län;Höganäs;5709;33,89;892;5,3;1073;6,37;906;5,38;3706;22;497;2,95;1065;6,32;2488;14,77;351;2,08;159;0,94;147;0,86;4;0,02;16846;16997;19372;87,74
Skåne län;Hörby;1848;19,45;853;8,98;383;4,03;347;3,65;2367;24,91;259;2,73;458;4,82;2604;27,4;184;1,94;200;2,1;132;1,37;1;0,01;9503;9636;11469;84,02
Skåne län;Höör;2263;22,39;704;6,96;486;4,81;381;3,77;2579;25,51;425;4,2;785;7,77;2122;20,99;238;2,35;125;1,24;123;1,2;4;0,04;10108;10235;11837;86,47
Skåne län;Klippan;1923;19,08;531;5,27;281;2,79;409;4,06;3392;33,66;346;3,43;386;3,83;2581;25,61;135;1,34;93;0,92;133;1,3;3;0,03;10077;10213;12476;81,86
Skåne län;Kristianstad;11650;22,46;2687;5,18;3331;6,42;1697;3,27;15452;29,79;1606;3,1;3073;5,92;11127;21,45;830;1,6;419;0,81;556;1,06;19;0,04;51872;52447;61995;84,6
Skåne län;Kävlinge;5677;29,37;1081;5,59;1237;6,4;548;2,84;5237;27,09;396;2,05;1129;5,84;3657;18,92;225;1,16;142;0,73;197;1,01;8;0,04;19329;19534;21780;89,69
Skåne län;Landskrona;5044;19,89;717;2,83;1767;6,97;502;1,98;9468;37,34;1063;4,19;1267;5;4768;18,81;493;1,94;265;1,05;238;0,93;14;0,05;25354;25606;31279;81,86
Skåne län;Lomma;6176;39,91;905;5,85;1531;9,89;769;4,97;2690;17,39;203;1,31;897;5,8;1954;12,63;248;1,6;100;0,65;80;0,51;6;0,04;15473;15559;16756;92,86
Skåne län;Lund;17244;22,74;4293;5,66;7400;9,76;3025;3,99;17159;22,62;4865;6,41;9350;12,33;6987;9,21;4516;5,95;1005;1,33;651;0,85;31;0,04;75844;76526;86390;88,58
Skåne län;Malmö;41510;23,18;4850;2,71;10000;5,58;4620;2,58;52460;29,29;13598;7,59;15367;8,58;24171;13,5;9999;5,58;2528;1,41;1549;0,86;55;0,03;179103;180707;226651;79,73
Skåne län;Osby;1331;16,15;488;5,92;219;2,66;401;4,86;2904;35,23;282;3,42;350;4,25;2094;25,4;97;1,18;78;0,95;98;1,17;6;0,07;8244;8348;9759;85,54
Skåne län;Perstorp;727;17,43;203;4,87;128;3,07;116;2,78;1549;37,14;136;3,26;175;4,2;1055;25,29;41;0,98;41;0,98;46;1,09;3;0,07;4171;4220;5222;80,81
Skåne län;Simrishamn;3284;25,08;995;7,6;593;4,53;475;3,63;3413;26,07;473;3,61;761;5,81;2512;19,18;512;3,91;76;0,58;128;0,97;4;0,03;13094;13226;15594;84,81
Skåne län;sjöbo;2743;23,19;916;7,74;337;2,85;400;3,38;2798;23,65;278;2,35;461;3,9;3544;29,96;232;1,96;121;1,02;135;1,13;6;0,05;11830;11971;14210;84,24
Skåne län;Skurup;2259;23,64;643;6,73;360;3,77;223;2,33;2736;28,63;320;3,35;373;3,9;2396;25,07;160;1,67;86;0,9;120;1,24;4;0,04;9556;9680;11300;85,66
Skåne län;Staffanstorp;4597;31,13;791;5,36;927;6,28;496;3,36;3756;25,44;349;2,36;877;5,94;2553;17,29;251;1,7;169;1,14;130;0,87;1;0,01;14766;14897;16612;89,68
Skåne län;Svalöv;1467;17,76;799;9,67;285;3,45;215;2,6;2421;29,31;255;3,09;386;4,67;2180;26,39;181;2,19;71;0,86;88;1,05;1;0,01;8260;8349;9797;85,22
Skåne län;Svedala;3471;26,86;567;4,39;694;5,37;378;2,93;3439;26,61;267;2,07;659;5,1;3113;24,09;193;1,49;141;1,09;142;1,09;6;0,05;12922;13070;14695;88,94
Skåne län;Tomelilla;1702;20,44;800;9,61;251;3,01;193;2,32;2384;28,63;218;2,62;350;4,2;2127;25,55;202;2,43;99;1,19;117;1,39;2;0,02;8326;8445;10009;84,37
Skåne län;Trelleborg;6487;23,86;1078;3,96;1068;3,93;684;2,52;8907;32,76;673;2,48;1165;4,28;6472;23,8;393;1,45;264;0,97;259;0,94;6;0,02;27191;27456;32473;84,55
Skåne län;Vellinge;11420;48,55;1015;4,32;1859;7,9;1090;4,63;2814;11,96;233;0,99;852;3,62;3871;16,46;251;1,07;117;0,5;132;0,56;3;0,01;23522;23657;25895;91,36
Skåne län;Ystad;5559;28,15;1215;6,15;930;4,71;588;2,98;5936;30,05;576;2,92;1040;5,27;3324;16,83;402;2,04;181;0,92;245;1,23;4;0,02;19751;20000;23327;85,74
Skåne län;Åstorp;1484;17,75;335;4,01;263;3,15;270;3,23;3236;38,71;260;3,11;324;3,88;2017;24,13;89;1,06;82;0,98;91;1,08;4;0,05;8360;8455;10550;80,14
Skåne län;Ängelholm;7932;29,51;1659;6,17;1251;4,65;1255;4,67;7112;26,46;734;2,73;1603;5,96;4722;17,57;427;1,59;187;0,7;290;1,07;8;0,03;26882;27180;31705;85,73
Skåne län;Örkelljunga;1099;18,1;366;6,03;185;3,05;600;9,88;1700;28;143;2,36;229;3,77;1615;26,6;51;0,84;83;1,37;57;0,93;2;0,03;6071;6130;7342;83,49
Skåne län;Östra Göinge;1454;16,42;511;5,77;273;3,08;327;3,69;3168;35,78;293;3,31;328;3,7;2305;26,03;113;1,28;83;0,94;83;0,93;2;0,02;8855;8940;10457;85,49
Stockholms län;Botkyrka;9670;22,11;1185;2,71;2078;4,75;2472;5,65;15806;36,15;2989;6,84;3545;8,11;4495;10,28;1027;2,35;460;1,05;315;0,72;12;0,03;43727;44054;56650;77,77
Stockholms län;Danderyd;10627;49,98;1516;7,13;2522;11,86;2234;10,51;1452;6,83;287;1,35;999;4,7;1126;5,3;379;1,78;122;0,57;57;0,27;8;0,04;21264;21329;23502;90,75
Stockholms län;Ekerö;6613;38,87;1208;7,1;1250;7,35;1068;6,28;2734;16,07;542;3,19;1404;8,25;1590;9,35;487;2,86;117;0,69;128;0,75;17;0,1;17013;17158;18914;90,72
Stockholms län;Haninge;13319;28,54;1640;3,51;2417;5,18;1719;3,68;14180;30,39;2377;5,09;3520;7,54;5741;12,3;1058;2,27;695;1,49;464;0,98;19;0,04;46666;47149;56445;83,53
Stockholms län;Huddinge;17455;30,49;2426;4,24;3434;6;2357;4,12;15401;26,9;3068;5,36;4845;8,46;5981;10,45;1703;2,97;584;1,02;426;0,74;22;0,04;57254;57702;69110;83,49
Stockholms län;J�rf�lla;12229;28,98;1694;4,01;2586;6,13;2110;5;12049;28,55;2489;5,9;3268;7,74;4317;10,23;1007;2,39;451;1,07;265;0,62;12;0,03;42200;42477;49661;85,53
Stockholms län;Lidingö;13224;44,72;2074;7,01;3439;11,63;2328;7,87;3238;10,95;606;2,05;1899;6,42;1900;6,43;738;2,5;122;0,41;139;0,47;5;0,02;29568;29712;33410;88,93
Stockholms län;Nacka;21946;37,12;3732;6,31;5044;8,53;3100;5,24;10479;17,73;2514;4,25;5657;9,57;3849;6,51;2307;3,9;486;0,82;373;0,63;28;0,05;59114;59515;67112;88,68
Stockholms län;Norrtälje;10723;27,89;2845;7,4;1784;4,64;1391;3,62;11478;29,86;1726;4,49;2417;6,29;4762;12,39;895;2,33;423;1,1;436;1,12;18;0,05;38444;38898;45561;85,38
Stockholms län;Nykvarn;1926;31,54;355;5,81;273;4,47;234;3,83;1603;26,25;155;2,54;339;5,55;1097;17,97;74;1,21;50;0,82;71;1,15;3;0,05;6106;6180;6913;89,4
Stockholms län;Nynäshamn;4481;26,37;739;4,35;908;5,34;653;3,84;5198;30,59;865;5,09;1082;6,37;2505;14,74;383;2,25;181;1,07;156;0,91;9;0,05;16995;17160;20172;85,07
Stockholms län;Salem;2984;30,67;515;5,29;672;6,91;549;5,64;2425;24,93;412;4,24;755;7,76;1108;11,39;230;2,36;78;0,8;75;0,77;0;0;9728;9803;11161;87,83
Stockholms län;Sigtuna;7406;30,2;1055;4,3;1237;5,04;1264;5,15;6930;28,26;1130;4,61;1600;6,52;3137;12,79;499;2,03;268;1,09;195;0,79;9;0,04;24526;24730;29983;82,48
Stockholms län;Sollentuna;15106;36,07;2337;5,58;3689;8,81;2687;6,42;8445;20,17;1762;4,21;3448;8,23;2984;7,13;1057;2,52;363;0,87;284;0,67;23;0,05;41878;42185;48125;87,66
Stockholms län;Solna;13986;29,91;2294;4,91;3795;8,12;2074;4,44;10543;22,55;3113;6,66;4687;10,02;3606;7,71;2176;4,65;490;1,05;269;0,57;12;0,03;46764;47045;54785;85,87
Stockholms län;Stockholm;160166;27,73;28201;4,88;45365;7,85;24691;4,28;124792;21,61;44656;7,73;64392;11,15;38356;6,64;41488;7,18;5458;0,95;3253;0,56;247;0,04;577565;581065;677144;85,81
Stockholms län;Sundbyberg;7014;27,12;1080;4,18;1600;6,19;923;3,57;7157;27,67;1835;7,09;2612;10,1;2369;9,16;976;3,77;300;1,16;194;0,74;12;0,05;25866;26072;31004;84,09
Stockholms län;Södertälje;10870;23,05;1807;3,83;2191;4,65;3242;6,88;15089;32;2755;5,84;3431;7,28;5821;12,35;1282;2,72;663;1,41;462;0,97;17;0,04;47151;47630;61112;77,94
Stockholms län;Tyresö;9745;34,51;1289;4,57;1827;6,47;1296;4,59;6777;24;1220;4,32;2376;8,41;2710;9,6;725;2,57;271;0,96;214;0,75;16;0,06;28236;28466;32109;88,65
Stockholms län;Täby;19836;45,3;2804;6,4;4944;11,29;3072;7,02;5487;12,53;976;2,23;2687;6,14;2824;6,45;823;1,88;338;0,77;221;0,5;5;0,01;43791;44017;48994;89,84
Stockholms län;Upplands Väsby;6972;28,43;919;3,75;1501;6,12;1093;4,46;7428;30,28;1430;5,83;1680;6,85;2679;10,92;504;2,05;321;1,31;223;0,9;13;0,05;24527;24763;29460;84,06
Stockholms län;Upplands-Bro;4064;27,32;595;4;995;6,69;849;5,71;4397;29,56;727;4,89;958;6,44;1825;12,27;276;1,86;188;1,26;116;0,77;5;0,03;14874;14995;17520;85,59
Stockholms län;Vallentuna;7287;36,34;1364;6,8;1403;7;985;4,91;3925;19,58;649;3,24;1655;8,25;2071;10,33;466;2,32;246;1,23;165;0,82;10;0,05;20051;20226;22646;89,31
Stockholms län;Vaxholm;3033;41,08;580;7,85;644;8,72;407;5,51;1119;15,15;235;3,18;624;8,45;495;6,7;194;2,63;53;0,72;38;0,51;0;0;7384;7422;8190;90,62
Stockholms län;V�rmd�;9448;37,41;1356;5,37;1577;6,24;1077;4,26;5136;20,34;946;3,75;2096;8,3;2626;10,4;790;3,13;203;0,8;206;0,81;6;0,02;25255;25467;28522;89,29
Stockholms län;�ster�ker;9652;37,39;1489;5,77;1956;7,58;1308;5,07;5262;20,39;914;3,54;2002;7,76;2518;9,75;517;2;195;0,76;210;0,81;8;0,03;25813;26031;29513;88,2
Södermanlands län;Eskilstuna;13052;21,32;2624;4,29;2680;4,38;2206;3,6;21722;35,48;3284;5,36;3721;6,08;10170;16,61;1203;1,97;555;0,91;702;1,13;32;0,05;61217;61951;73715;84,04
Södermanlands län;Flen;1892;18,67;762;7,52;347;3,42;355;3,5;3671;36,22;552;5,45;501;4,94;1802;17,78;164;1,62;90;0,89;96;0,94;3;0,03;10136;10235;11982;85,42
Södermanlands län;Gnesta;1610;23,4;599;8,71;226;3,28;201;2,92;2081;30,25;404;5,87;529;7,69;911;13,24;249;3,62;70;1,02;72;1,04;3;0,04;6880;6955;7978;87,18
Södermanlands län;Katrineholm;4064;19,03;1356;6,35;906;4,24;745;3,49;8432;39,49;999;4,68;1278;5,99;3054;14,3;390;1,83;127;0,59;205;0,95;4;0,02;21351;21560;25078;85,97
Södermanlands län;Nyk�ping;8212;23,01;2139;5,99;1606;4,5;1554;4,35;12139;34,02;1722;4,83;2659;7,45;4477;12,55;909;2,55;267;0,75;378;1,05;15;0,04;35684;36077;41263;87,43
Södermanlands län;Oxel�sund;1301;17,13;206;2,71;260;3,42;209;2,75;3348;44,07;604;7,95;398;5,24;1066;14,03;148;1,95;57;0,75;91;1,18;3;0,04;7597;7691;8948;85,95
Södermanlands län;Strängnäs;6307;28,81;1198;5,47;1188;5,43;1068;4,88;6017;27,49;1003;4,58;1282;5,86;3225;14,73;440;2,01;161;0,74;228;1,03;11;0,05;21889;22128;25376;87,2
Södermanlands län;Trosa;2576;32,27;511;6,4;409;5,12;341;4,27;2124;26,61;278;3,48;525;6,58;973;12,19;179;2,24;67;0,84;68;0,84;3;0,04;7983;8054;9010;89,39
Södermanlands län;Ving�ker;977;16,57;379;6,43;154;2,61;209;3,55;2300;39,02;238;4,04;272;4,61;1209;20,51;107;1,82;50;0,85;59;0,99;0;0;5895;5954;6735;88,4
Uppsala län;Enköping;7068;26,47;2380;8,91;1329;4,98;1071;4,01;8067;30,22;985;3,69;1462;5,48;3607;13,51;464;1,74;265;0,99;307;1,14;12;0,04;26698;27017;31416;86
Uppsala län;Heby;1443;16,35;1156;13,1;237;2,69;427;4,84;3132;35,49;408;4,62;315;3,57;1454;16,48;162;1,84;90;1,02;141;1,57;3;0,03;8824;8968;10545;85,05
Uppsala län;H�bo;4262;33,78;613;4,86;613;4,86;537;4,26;3247;25,74;423;3,35;707;5,6;1874;14,85;197;1,56;143;1,13;136;1,07;6;0,05;12616;12758;14561;87,62
Uppsala län;Knivsta;2977;30,64;777;8;630;6,48;653;6,72;2111;21,73;383;3,94;774;7,97;1048;10,79;254;2,61;109;1,12;109;1,11;4;0,04;9716;9829;11041;89,02
Uppsala län;Tierp;2010;15,1;1294;9,72;380;2,86;390;2,93;5669;42,6;680;5,11;553;4,16;1898;14,26;259;1,95;175;1,31;166;1,23;3;0,02;13308;13477;15750;85,57
Uppsala län;Uppsala;30520;22,31;8135;5,95;10180;7,44;7108;5,2;35382;25,86;10498;7,67;14513;10,61;11118;8,13;7618;5,57;1738;1,27;927;0,67;33;0,02;136810;137770;156279;88,16
Uppsala län;�lvkarleby;774;12,82;187;3,1;171;2,83;132;2,19;2840;47,05;375;6,21;229;3,79;1198;19,85;85;1,41;45;0,75;58;0,95;2;0,03;6036;6096;7035;86,65
Uppsala län;�sthammar;3017;21,03;1285;8,96;601;4,19;458;3,19;5478;38,19;611;4,26;527;3,67;1894;13,21;278;1,94;194;1,35;173;1,19;9;0,06;14343;14525;17053;85,18
Värmlands län;Arvika;2962;17,61;1328;7,9;584;3,47;628;3,73;6621;39,37;1022;6,08;851;5,06;2320;13,79;405;2,41;97;0,58;208;1,22;3;0,02;16818;17029;20131;84,59
Värmlands län;Eda;767;17,66;485;11,16;103;2,37;138;3,18;1814;41,76;217;5;86;1,98;661;15,22;45;1,04;28;0,64;67;1,52;1;0,02;4344;4412;5538;79,67
Värmlands län;Filipstad;821;12,31;263;3,94;151;2,26;141;2,11;3081;46,18;446;6,69;203;3,04;1422;21,32;91;1,36;52;0,78;67;0,99;0;0;6671;6738;8072;83,47
Värmlands län;Forshaga;1135;14,94;496;6,53;233;3,07;266;3,5;3566;46,94;366;4,82;292;3,84;1066;14,03;117;1,54;60;0,79;68;0,89;2;0,03;7597;7667;8779;87,33
Värmlands län;Grums;900;15,16;439;7,4;140;2,36;181;3,05;2849;48;254;4,28;170;2,86;885;14,91;65;1,1;52;0,88;75;1,25;3;0,05;5935;6013;7118;84,48
Värmlands län;Hagfors;841;10,59;525;6,61;165;2,08;165;2,08;4299;54,12;520;6,55;147;1,85;1139;14,34;91;1,15;51;0,64;64;0,8;1;0,01;7943;8008;9537;83,97
Värmlands län;Hammar�;2651;25,8;523;5,09;540;5,26;490;4,77;3876;37,73;470;4,57;627;6,1;857;8,34;181;1,76;59;0,57;66;0,64;4;0,04;10274;10344;11493;90
Värmlands län;Karlstad;14227;23,28;3480;5,69;3244;5,31;2760;4,52;21188;34,67;3332;5,45;4735;7,75;5842;9,56;1819;2,98;484;0,79;531;0,86;18;0,03;61111;61660;70311;87,7
Värmlands län;Kil;1495;18,73;679;8,51;261;3,27;334;4,18;3094;38,76;417;5,22;361;4,52;1164;14,58;120;1,5;57;0,71;91;1,13;0;0;7982;8073;9236;87,41
Värmlands län;Kristinehamn;3122;19,3;1018;6,29;776;4,8;620;3,83;6664;41,2;906;5,6;820;5,07;1846;11,41;268;1,66;133;0,82;147;0,9;2;0,01;16173;16322;18947;86,15
Värmlands län;Munkfors;239;9,7;152;6,17;87;3,53;49;1,99;1430;58,06;114;4,63;51;2,07;280;11,37;52;2,11;9;0,37;11;0,44;0;0;2463;2474;2908;85,08
Värmlands län;Storfors;320;12,18;171;6,51;46;1,75;95;3,62;1286;48,95;162;6,17;59;2,25;459;17,47;15;0,57;14;0,53;32;1,2;1;0,04;2627;2660;3079;86,39
Värmlands län;Sunne;1902;21,45;1219;13,75;357;4,03;307;3,46;3098;34,94;324;3,65;318;3,59;1120;12,63;163;1,84;58;0,65;106;1,18;3;0,03;8866;8975;10427;86,07
Värmlands län;S�ffle;1931;19,1;1372;13,57;339;3,35;428;4,23;3361;33,25;351;3,47;337;3,33;1805;17,86;125;1,24;60;0,59;92;0,9;1;0,01;10109;10202;11973;85,21
Värmlands län;Torsby;1318;17,34;675;8,88;193;2,54;215;2,83;3305;43,49;440;5,79;207;2,72;1091;14,36;98;1,29;57;0,75;73;0,95;2;0,03;7599;7674;9438;81,31
Värmlands län;�rj�ng;1056;18,98;696;12,51;312;5,61;446;8,01;1641;29,49;176;3,16;134;2,41;1021;18,35;42;0,75;41;0,74;71;1,26;0;0;5565;5636;6774;83,2
Västerbottens län;Bjurholm;338;21,03;194;12,07;89;5,54;98;6,1;597;37,15;79;4,92;28;1,74;162;10,08;16;1;6;0,37;8;0,5;1;0,06;1607;1616;1918;84,25
Västerbottens län;Dorotea;129;6,89;204;10,9;124;6,62;50;2,67;921;49,2;200;10,68;30;1,6;179;9,56;25;1,34;10;0,53;22;1,16;0;0;1872;1894;2211;85,66
Västerbottens län;Lycksele;1127;14,14;327;4,1;297;3,73;575;7,21;3667;46;824;10,34;185;2,32;834;10,46;100;1,25;35;0,44;68;0,85;3;0,04;7971;8042;9633;83,48
Västerbottens län;Malå;177;8,63;96;4,68;94;4,59;62;3,02;1041;50,78;266;12,98;47;2,29;218;10,63;30;1,46;19;0,93;18;0,87;3;0,14;2050;2071;2485;83,34
Västerbottens län;Nordmaling;631;13,59;527;11,35;238;5,12;214;4,61;1996;42,98;425;9,15;107;2,3;433;9,32;58;1,25;15;0,32;44;0,94;1;0,02;4644;4689;5579;84,05
Västerbottens län;Norsjö;227;8,62;219;8,31;95;3,61;130;4,94;1323;50,23;323;12,26;33;1,25;255;9,68;16;0,61;13;0,49;31;1,16;1;0,04;2634;2666;3211;83,03
Västerbottens län;Robertsfors;502;11,14;756;16,77;130;2,88;207;4,59;1907;42,31;403;8,94;154;3,42;307;6,81;100;2,22;41;0,91;35;0,77;1;0,02;4507;4543;5294;85,81
Västerbottens län;Skellefteå;5210;10,68;2832;5,81;1865;3,82;1940;3,98;24468;50,16;4552;9,33;2575;5,28;3809;7,81;1147;2,35;381;0,78;509;1,03;16;0,03;48779;49304;56848;86,73
Västerbottens län;Sorsele;175;11,3;149;9,63;26;1,68;92;5,94;612;39,53;209;13,5;47;3,04;204;13,18;28;1,81;6;0,39;31;1,96;0;0;1548;1579;1986;79,51
Västerbottens län;Storuman;510;13,14;365;9,4;155;3,99;254;6,54;1567;40,38;397;10,23;117;3,01;450;11,59;48;1,24;18;0,46;51;1,3;1;0,03;3881;3933;4835;81,34
Västerbottens län;Umeå;13248;16,5;4449;5,54;3960;4,93;3069;3,82;29032;36,15;9907;12,34;6521;8,12;4539;5,65;4826;6,01;757;0,94;614;0,76;33;0,04;80308;80955;91291;88,68
Västerbottens län;Vilhelmina;400;9,03;355;8,02;115;2,6;244;5,51;2032;45,89;488;11,02;112;2,53;562;12,69;84;1,9;36;0,81;66;1,47;1;0,02;4428;4495;5326;84,4
Västerbottens län;Vindeln;546;15,32;392;11;131;3,68;214;6,01;1422;39,91;281;7,89;108;3,03;345;9,68;67;1,88;57;1,6;21;0,59;2;0,06;3563;3586;4218;85,02
Västerbottens län;V�nn�s;717;12,82;594;10,62;189;3,38;263;4,7;2228;39,83;688;12,3;241;4,31;475;8,49;145;2,59;54;0,97;43;0,76;0;0;5594;5637;6561;85,92
Västerbottens län;�sele;221;11,67;201;10,62;98;5,18;65;3,43;848;44,8;172;9,09;36;1,9;207;10,94;30;1,58;15;0,79;21;1,09;4;0,21;1893;1918;2258;84,94
Västernorrlands län;Härnösand;2530;15,49;1055;6,46;538;3,29;545;3,34;7063;43,23;1042;6,38;1136;6,95;1799;11,01;494;3,02;136;0,83;102;0,62;6;0,04;16338;16446;19254;85,42
Västernorrlands län;Kramfors;1410;11,33;1188;9,54;208;1,67;298;2,39;6447;51,79;930;7,47;413;3,32;1209;9,71;271;2,18;74;0,59;86;0,69;7;0,06;12448;12541;14745;85,05
Västernorrlands län;Sollefte�;1377;10,51;857;6,54;270;2,06;267;2,04;7037;53,68;865;6,6;402;3,07;1681;12,82;235;1,79;117;0,89;117;0,88;6;0,05;13108;13231;15512;85,3
Västernorrlands län;Sundsvall;12690;19,66;3393;5,26;2892;4,48;2183;3,38;26618;41,23;3611;5,59;3317;5,14;7579;11,74;1689;2,62;584;0,9;460;0,71;20;0,03;64556;65036;75252;86,42
Västernorrlands län;Timrå;1532;12,98;569;4,82;408;3,46;312;2,64;5937;50,3;789;6,68;354;3;1639;13,89;184;1,56;80;0,68;80;0,67;5;0,04;11804;11889;13813;86,07
Västernorrlands län;�nge;735;11,37;483;7,47;94;1,45;174;2,69;3214;49,72;372;5,75;126;1,95;1044;16,15;100;1,55;122;1,89;52;0,8;2;0,03;6464;6518;7708;84,56
Västernorrlands län;�rnsk�ldsvik;5559;14,87;3377;9,03;1030;2,75;2318;6,2;18661;49,9;1602;4,28;1325;3,54;2618;7;602;1,61;302;0,81;379;1;20;0,05;37394;37793;43558;86,76
Västmanlands län;Arboga;1852;20,64;498;5,55;349;3,89;315;3,51;3436;38,28;449;5;469;5,23;1387;15,45;149;1,66;71;0,79;94;1,04;7;0,08;8975;9076;10649;85,23
Västmanlands län;Fagersta;1209;15,48;195;2,5;207;2,65;205;2,63;3512;44,97;508;6,51;326;4,17;1455;18,63;125;1,6;67;0,86;84;1,06;2;0,03;7809;7895;9457;83,48
Västmanlands län;Hallstahammar;1448;15;369;3,82;370;3,83;315;3,26;4343;44,98;587;6,08;389;4,03;1606;16,63;126;1,31;102;1,06;94;0,96;3;0,03;9655;9752;11618;83,94
Västmanlands län;Kungsör;998;18,72;384;7,2;262;4,91;235;4,41;1936;36,31;268;5,03;193;3,62;931;17,46;83;1,56;42;0,79;54;1;0;0;5332;5386;6249;86,19
Västmanlands län;Köping;2773;17,4;965;6,05;587;3,68;498;3,12;6487;40,7;886;5,56;632;3,97;2781;17,45;214;1,34;115;0,72;158;0,98;3;0,02;15938;16099;19195;83,87
Västmanlands län;Norberg;535;14,21;163;4,33;107;2,84;85;2,26;1447;38,42;334;8,87;161;4,28;766;20,34;105;2,79;63;1,67;44;1,15;2;0,05;3766;3812;4435;85,95
Västmanlands län;Sala;2888;19,88;1600;11,01;587;4,04;522;3,59;4867;33,5;670;4,61;678;4,67;2238;15,4;316;2,17;163;1,12;179;1,22;4;0,03;14529;14712;17077;86,15
Västmanlands län;Skinnskatteberg;388;13,34;187;6,43;149;5,12;70;2,41;1245;42,8;185;6,36;86;2,96;528;18,15;50;1,72;21;0,72;19;0,65;0;0;2909;2928;3447;84,94
Västmanlands län;Surahammar;847;13,56;232;3,71;213;3,41;142;2,27;2833;45,36;451;7,22;213;3,41;1151;18,43;92;1,47;71;1,14;70;1,11;2;0,03;6245;6317;7474;84,52
Västmanlands län;Västerås;22759;24,8;4126;4,5;5925;6,46;4109;4,48;29830;32,5;4713;5,14;5402;5,89;11885;12,95;2138;2,33;894;0,97;911;0,98;35;0,04;91781;92727;108479;85,48
Västra Götalands län;Ale;3962;22,19;911;5,1;776;4,35;779;4,36;5774;32,34;1124;6,3;1005;5,63;2902;16,25;449;2,51;171;0,96;239;1,32;2;0,01;17853;18094;20995;86,18
Västra Götalands län;Alingsås;5956;22,63;1760;6,69;1811;6,88;1806;6,86;7236;27,5;1576;5,99;2338;8,88;2846;10,81;768;2,92;219;0,83;212;0,8;6;0,02;26316;26534;30068;88,25
Västra Götalands län;Bengtsfors;961;15,86;582;9,61;183;3,02;274;4,52;2274;37,54;225;3,71;200;3,3;1166;19,25;140;2,31;53;0,87;66;1,08;1;0,02;6058;6125;7324;83,63
Västra Götalands län;Bollebygd;1427;24,59;459;7,91;270;4,65;296;5,1;1569;27,04;252;4,34;304;5,24;1074;18,51;105;1,81;46;0,79;56;0,96;1;0,02;5802;5859;6538;89,61
Västra Götalands län;Borås;15679;23,3;3312;4,92;3513;5,22;3465;5,15;21131;31,4;3874;5,76;4572;6,79;9716;14,44;1492;2,22;541;0,8;688;1,01;7;0,01;67295;67990;80115;84,87
Västra Götalands län;Dals-Ed;536;18,53;398;13,76;81;2,8;206;7,12;850;29,39;80;2,77;77;2,66;587;20,3;41;1,42;36;1,24;36;1,23;2;0,07;2892;2930;3501;83,69
Västra Götalands län;Essunga;895;24,24;422;11,43;105;2,84;159;4,31;1135;30,74;140;3,79;153;4,14;590;15,98;69;1,87;24;0,65;36;0,96;3;0,08;3692;3731;4300;86,77
Västra Götalands län;Falköping;4195;19,88;1940;9,19;707;3,35;1279;6,06;6820;32,32;888;4,21;1040;4,93;3696;17,51;387;1,83;151;0,72;187;0,88;3;0,01;21103;21293;24417;87,21
Västra Götalands län;Färgelanda;552;12,99;586;13,79;138;3,25;159;3,74;1455;34,25;144;3,39;111;2,61;1020;24,01;49;1,15;34;0,8;59;1,37;0;0;4248;4307;5020;85,8
Västra Götalands län;Gråstorp;908;23,57;501;13;127;3,3;160;4,15;1181;30,65;152;3,94;139;3,61;608;15,78;47;1,22;30;0,78;42;1,08;1;0,03;3853;3896;4487;86,83
Västra Götalands län;Gullspång;542;15,97;268;7,9;81;2,39;128;3,77;1435;42,28;179;5,27;106;3,12;556;16,38;63;1,86;36;1,06;28;0,82;0;0;3394;3422;4012;85,29
Västra Götalands län;Göteborg;79768;23,86;12696;3,8;24136;7,22;15389;4,6;79167;23,68;31272;9,35;32868;9,83;32240;9,64;21661;6,48;5097;1,52;2545;0,76;117;0,03;334294;336956;406851;82,82
Västra Götalands län;Götene;1669;18,91;827;9,37;335;3,8;550;6,23;3173;35,95;458;5,19;423;4,79;1136;12,87;182;2,06;72;0,82;110;1,23;2;0,02;8825;8937;10114;88,36
Västra Götalands län;Herrljunga;1183;18,9;796;12,72;266;4,25;439;7,01;1779;28,42;269;4,3;269;4,3;1089;17,4;106;1,69;63;1,01;80;1,26;0;0;6259;6339;7237;87,59
Västra Götalands län;Hjo;1404;23,04;473;7,76;311;5,1;388;6,37;1877;30,81;279;4,58;335;5,5;883;14,49;108;1,77;35;0,57;73;1,18;4;0,06;6093;6170;6993;88,23
Västra Götalands län;Härryda;6829;29,5;1437;6,21;1905;8,23;1130;4,88;5222;22,56;1059;4,57;1843;7,96;2913;12,58;601;2,6;213;0,92;213;0,91;4;0,02;23152;23369;26163;89,32
Västra Götalands län;Karlsborg;827;17,15;470;9,75;289;5,99;278;5,77;1689;35,03;153;3,17;173;3,59;854;17,71;63;1,31;25;0,52;52;1,07;1;0,02;4821;4874;5501;88,6
Västra Götalands län;Kungälv;7527;26,12;1904;6,61;1910;6,63;1643;5,7;7760;26,93;1399;4,85;1850;6,42;3921;13,61;645;2,24;259;0,9;249;0,86;7;0,02;28818;29074;32626;89,11
Västra Götalands län;Lerum;7105;27,38;1549;5,97;2050;7,9;1461;5,63;6121;23,58;1309;5,04;2196;8,46;3123;12,03;818;3,15;221;0,85;244;0,93;3;0,01;25953;26200;29207;89,7
Västra Götalands län;Lidköping;5280;19,78;1868;7;1363;5,11;1433;5,37;9641;36,11;1507;5,64;1559;5,84;3329;12,47;489;1,83;229;0,86;268;0,99;6;0,02;26698;26972;30574;88,22
Västra Götalands län;Lilla Edet;1245;15,42;508;6,29;281;3,48;246;3,05;2849;35,28;519;6,43;338;4,19;1836;22,73;172;2,13;82;1,02;95;1,16;0;0;8076;8171;9850;82,95
Västra Götalands län;Lysekil;1754;18;517;5,3;604;6,2;412;4,23;3451;35,41;594;6,09;566;5,81;1549;15,89;240;2,46;59;0,61;92;0,94;0;0;9746;9838;11549;85,18
Västra Götalands län;Mariestad;3524;21,94;1032;6,42;581;3,62;746;4,64;5968;37,15;843;5,25;820;5,1;2179;13,56;266;1,66;106;0,66;196;1,21;4;0,02;16065;16265;18932;85,91
Västra Götalands län;Mark;4193;18,92;1972;8,9;1145;5,17;1149;5,18;7352;33,18;1244;5,61;1196;5,4;3274;14,77;440;1,99;196;0,88;262;1,17;5;0,02;22161;22428;25953;86,42
Västra Götalands län;Mellerud;1053;18,44;719;12,59;186;3,26;276;4,83;1748;30,62;209;3,66;190;3,33;1205;21,11;88;1,54;35;0,61;63;1,09;1;0,02;5709;5773;6952;83,04
Västra Götalands län;Munkedal;1281;19,52;640;9,75;211;3,21;330;5,03;2090;31,84;362;5,51;209;3,18;1262;19,23;116;1,77;63;0,96;79;1,19;1;0,02;6564;6644;7946;83,61
Västra Götalands län;Mölndal;10369;25,52;2054;5,05;3395;8,35;2165;5,33;10265;25,26;2337;5,75;3688;9,08;4695;11,55;1260;3,1;409;1,01;416;1,01;13;0,03;40637;41066;46911;87,54
Västra Götalands län;Orust;2580;24,43;904;8,56;627;5,94;478;4,53;2893;27,4;557;5,28;571;5,41;1604;15,19;272;2,58;73;0,69;133;1,24;5;0,05;10559;10697;12288;87,05
Västra Götalands län;Partille;6346;27,3;1047;4,5;1863;8,02;1253;5,39;5778;24,86;1422;6,12;1857;7,99;2698;11,61;696;2,99;282;1,21;183;0,78;4;0,02;23242;23429;27007;86,75
Västra Götalands län;Skara;2643;21,43;955;7,74;439;3,56;521;4,22;4249;34,46;540;4,38;660;5,35;1976;16,02;242;1,96;107;0,87;128;1,03;3;0,02;12332;12463;14312;87,08
Västra Götalands län;Skövde;8399;23,72;2605;7,36;1963;5,54;1751;4,95;11618;32,81;1405;3,97;2029;5,73;4507;12,73;700;1,98;428;1,21;366;1,02;17;0,05;35405;35788;41105;87,06
Västra Götalands län;Sotenäs;1997;31,45;329;5,18;421;6,63;345;5,43;1848;29,1;250;3,94;235;3,7;788;12,41;109;1,72;28;0,44;68;1,06;1;0,02;6350;6419;7432;86,37
Västra Götalands län;Stenungsund;4712;28,46;975;5,89;1082;6,54;726;4,39;4562;27,56;702;4,24;1053;6,36;2276;13,75;335;2,02;132;0,8;161;0,96;3;0,02;16555;16719;18989;88,05
Västra Götalands län;Strömstad;1602;23,03;663;9,53;509;7,32;286;4,11;1876;26,97;319;4,59;532;7,65;941;13,53;182;2,62;46;0,66;64;0,91;2;0,03;6956;7022;8627;81,4
Västra Götalands län;Svenljunga;1410;21,3;755;11,41;264;3,99;280;4,23;2000;30,22;215;3,25;233;3,52;1256;18,98;90;1,36;116;1,75;97;1,44;1;0,01;6619;6717;7932;84,68
Västra Götalands län;Tanum;2310;27,88;1108;13,37;551;6,65;311;3,75;1943;23,45;329;3,97;428;5,17;974;11,76;263;3,17;68;0,82;116;1,38;1;0,01;8285;8402;9821;85,55
Västra Götalands län;Tibro;1225;16,93;530;7,33;338;4,67;510;7,05;2683;37,08;260;3,59;320;4,42;1214;16,78;112;1,55;43;0,59;47;0,65;2;0,03;7235;7284;8309;87,66
Västra Götalands län;Tidaholm;1307;15,19;539;6,27;253;2,94;360;4,18;3764;43,75;396;4,6;380;4,42;1433;16,66;107;1,24;64;0,74;95;1,09;1;0,01;8603;8699;9925;87,65
Västra Götalands län;Tjörn;3080;28,86;585;5,48;803;7,52;1078;10,1;2363;22,14;372;3,49;582;5,45;1512;14,17;226;2,12;72;0,67;103;0,96;6;0,06;10673;10782;12150;88,74
Västra Götalands län;Tranemo;1539;20,37;994;13,16;267;3,53;312;4,13;2514;33,28;242;3,2;340;4,5;1165;15,42;124;1,64;57;0,75;79;1,03;16;0,21;7554;7649;8820;86,72
Västra Götalands län;Trollhättan;6383;17,88;1475;4,13;1876;5,25;1305;3,66;14480;40,56;2064;5,78;2190;6,13;4812;13,48;829;2,32;289;0,81;320;0,89;13;0,04;35703;36036;42355;85,08
Västra Götalands län;Töreboda;1094;18,41;719;12,1;157;2,64;234;3,94;2117;35,62;242;4,07;220;3,7;1031;17,35;83;1,4;47;0,79;68;1,13;1;0,02;5944;6013;7072;85,03
Västra Götalands län;Uddevalla;7106;20,49;1679;4,84;1651;4,76;1852;5,34;11718;33,79;2084;6,01;2096;6,04;5347;15,42;836;2,41;314;0,91;448;1,27;9;0,03;34683;35140;41002;85,7
Västra Götalands län;Ulricehamn;3547;22,94;1931;12,49;686;4,44;874;5,65;4225;27,33;693;4,48;889;5,75;2288;14,8;233;1,51;95;0,61;132;0,85;2;0,01;15461;15595;17897;87,14
Västra Götalands län;Vara;2667;25,69;1146;11,04;343;3,3;422;4,06;3074;29,61;416;4,01;350;3,37;1773;17,08;117;1,13;74;0,71;141;1,34;2;0,02;10382;10525;12241;85,98
Västra Götalands län;V�rg�rda;1329;18,04;877;11,91;320;4,34;763;10,36;2059;27,95;316;4,29;382;5,19;1157;15,71;104;1,41;59;0,8;65;0,87;0;0;7366;7431;8372;88,76
Västra Götalands län;V�nersborg;4400;17,8;1606;6,5;1197;4,84;1104;4,47;8579;34,7;1656;6,7;1531;6,19;3943;15,95;489;1,98;220;0,89;290;1,16;10;0,04;24725;25025;28959;86,42
Västra Götalands län;�m�l;1314;16,64;568;7,19;307;3,89;281;3,56;3085;39,08;404;5,12;392;4,97;1341;16,99;152;1,93;51;0,65;97;1,21;2;0,03;7895;7994;9627;83,04
Västra Götalands län;�cker�;2636;30,21;249;2,85;602;6,9;1477;16,93;1783;20,44;346;3,97;461;5,28;921;10,56;197;2,26;53;0,61;117;1,32;1;0,01;8725;8843;9859;89,69
Örebro län;Askersund;1330;17,35;650;8,48;238;3,11;335;4,37;2906;37,92;338;4,41;317;4,14;1355;17,68;120;1,57;75;0,98;80;1,03;3;0,04;7664;7747;8938;86,67
Örebro län;Degerfors;679;10,57;268;4,17;123;1,91;219;3,41;3287;51,15;520;8,09;259;4,03;927;14,43;97;1,51;47;0,73;57;0,88;3;0,05;6426;6486;7509;86,38
Örebro län;Hallsberg;1505;14,64;635;6,18;300;2,92;446;4,34;4485;43,63;519;5,05;447;4,35;1713;16,66;162;1,58;68;0,66;112;1,08;1;0,01;10280;10393;11773;88,28
Örebro län;Hällefors;568;12,91;205;4,66;95;2,16;92;2,09;2078;47,25;289;6,57;138;3,14;790;17,96;84;1,91;59;1,34;35;0,79;0;0;4398;4433;5373;82,51
Örebro län;Karlskoga;3713;18,68;682;3,43;653;3,29;719;3,62;8878;44,66;993;5;947;4,76;2858;14,38;256;1,29;178;0,9;173;0,86;6;0,03;19877;20056;23406;85,69
Örebro län;Kumla;2430;17,96;684;5,06;675;4,99;783;5,79;5165;38,18;578;4,27;672;4,97;2198;16,25;235;1,74;109;0,81;163;1,19;16;0,12;13529;13708;15637;87,66
Örebro län;Laxå;518;13,78;209;5,56;110;2,93;203;5,4;1649;43,86;207;5,51;122;3,24;679;18,06;34;0,9;29;0,77;38;1;1;0,03;3760;3799;4425;85,85
Örebro län;Lekeberg;835;16,91;663;13,42;155;3,14;334;6,76;1480;29,97;210;4,25;210;4,25;897;18,16;95;1,92;60;1,21;61;1,22;0;0;4939;5000;5655;88,42
Örebro län;Lindesberg;2587;16,86;1144;7,45;433;2,82;568;3,7;5670;36,94;662;4,31;714;4,65;3204;20,88;225;1,47;141;0,92;134;0,87;0;0;15348;15482;17831;86,83
Örebro län;Ljusnarsberg;385;12,3;161;5,14;72;2,3;68;2,17;1314;41,98;208;6,65;103;3,29;743;23,74;43;1,37;33;1,05;43;1,35;2;0,06;3130;3175;3795;83,66
Örebro län;Nora;1132;16,35;519;7,5;244;3,52;268;3,87;2734;39,49;377;5,44;353;5,1;1068;15,42;146;2,11;83;1,2;71;1,01;2;0,03;6924;6997;8144;85,92
Örebro län;Örebro;19388;20,98;4726;5,11;4955;5,36;5736;6,21;29958;32,41;5282;5,71;7731;8,36;10694;11,57;3070;3,32;889;0,96;891;0,95;49;0,05;92429;93369;107436;86,91
Östergötlands län;Boxholm;545;14,78;305;8,27;101;2,74;164;4,45;1626;44,1;158;4,29;156;4,23;576;15,62;33;0,9;23;0,62;33;0,89;0;0;3687;3720;4168;89,25
Östergötlands län;Finspång;2247;16,08;714;5,11;461;3,3;635;4,55;6029;43,15;734;5,25;642;4,6;2146;15,36;252;1,8;111;0,79;168;1,19;3;0,02;13971;14142;16372;86,38
Östergötlands län;Kinda;1285;19,23;698;10,45;211;3,16;420;6,29;2119;31,71;306;4,58;331;4,95;1113;16,66;121;1,81;78;1,17;58;0,86;1;0,01;6682;6741;7658;88,03
Östergötlands län;Linköping;24281;24,19;6157;6,13;6988;6,96;5790;5,77;29210;29,1;4709;4,69;8268;8,24;11214;11,17;2599;2,59;1156;1,15;1046;1,03;41;0,04;100372;101459;115263;88,02
Östergötlands län;Mjölby;3726;21,01;1135;6,4;756;4,26;846;4,77;6685;37,7;771;4,35;770;4,34;2644;14,91;258;1,45;141;0,8;218;1,21;5;0,03;17732;17955;20638;87
Östergötlands län;Motala;5285;18,66;1423;5,02;1257;4,44;1069;3,77;11268;39,78;1366;4,82;1377;4,86;4601;16,24;400;1,41;281;0,99;298;1,04;8;0,03;28327;28633;32910;87
Östergötlands län;Norrköping;19995;23,18;3856;4,47;3912;4,54;3937;4,56;26680;30,93;4706;5,46;5963;6,91;14045;16,28;2317;2,69;847;0,98;844;0,97;21;0,02;86258;87123;102109;85,32
Östergötlands län;Söderköping;2555;26;856;8,71;425;4,33;494;5,03;2651;26,98;372;3,79;571;5,81;1624;16,53;182;1,85;96;0,98;80;0,81;3;0,03;9826;9909;11217;88,34
Östergötlands län;Vadstena;1332;25,24;357;6,77;198;3,75;305;5,78;1752;33,2;198;3,75;326;6,18;657;12,45;117;2,22;35;0,66;58;1,09;2;0,04;5277;5337;6056;88,13
Östergötlands län;Valdemarsvik;1075;19,99;565;10,51;149;2,77;190;3,53;1900;35,33;198;3,68;177;3,29;997;18,54;66;1,23;61;1,13;55;1,01;0;0;5378;5433;6241;87,05
Östergötlands län;Ydre;453;17,65;422;16,45;88;3,43;248;9,66;747;29,11;83;3,23;110;4,29;367;14,3;36;1,4;12;0,47;23;0,89;0;0;2566;2589;2870;90,21
Östergötlands län;Åtvidaberg;1446;18,37;623;7,91;220;2,79;300;3,81;3129;39,75;304;3,86;353;4,48;1354;17,2;96;1,22;47;0,6;100;1,25;1;0,01;7872;7973;9080;87,81
Östergötlands län;Ödeshög;652;18,44;332;9,39;94;2,66;354;10,01;1113;31,48;106;3;174;4,92;615;17,39;68;1,92;28;0,79;33;0,92;0;0;3536;3569;4082;87,43
